date,predicted_revenue,lower_bound,upper_bound
2023-01-01,-350.28703507112533,-21539.14400243082,20623.452340110307
2023-01-02,-155.7954904098695,-20657.70617527314,22577.66933716283
2023-01-03,6.11180456648896,-23002.70657930323,20890.27949468106
2023-01-04,140.81635535122433,-21510.816607655146,21743.247654754097
2023-01-05,219.10568328294383,-21637.81552930672,21220.851645208757
2023-01-06,251.11512779537105,-20898.13731362936,22406.676107261075
2023-01-07,1855.7524528403094,-19153.145117760352,23172.675585964414
2023-01-08,1003.0224482380545,-20343.218294539358,21082.62322184183
2023-01-09,1039.818598159384,-20726.720826662615,21976.181850542103
2023-01-10,1007.2579542853105,-22119.085186991466,21321.083383327343
2023-01-11,921.4147972479263,-20782.886880048212,22791.64206173824
2023-01-12,764.9577959989454,-21270.818003304546,21591.33099402041
2023-01-13,558.1978377537891,-20541.86936826318,22107.63681984988
2023-01-14,1873.3449570157954,-19129.52772416421,23714.901671010368
2023-01-15,829.8959452020488,-20760.45718415404,23180.044581917424
2023-01-16,665.641862576843,-20628.525800534182,20719.764330309878
2023-01-17,461.5326529914904,-20709.700995189734,22708.886371634646
2023-01-18,237.92584017293575,-20899.542730165726,22000.761296668672
2023-01-19,-18.59322638023826,-21837.911650497477,20743.936160325153
2023-01-20,-286.6992544622943,-20266.408626362172,21426.45322670395
2023-01-21,949.1398562346648,-19132.51328374768,23613.144715529586
2023-01-22,-52.50250648010088,-20688.63330461364,21178.8633339281
2023-01-23,-173.41094179361025,-21469.51636193312,20678.02239643261
2023-01-24,-302.97477850360156,-20694.128639636714,20880.551573095643
2023-01-25,-426.094774712657,-21477.022925978614,22110.66647106219
2023-01-26,-560.8889889588182,-20928.17302635673,21783.14964050884
2023-01-27,-692.4721229771648,-22745.439577691406,21430.30316223356
2023-01-28,631.913078959662,-20723.331605156793,21597.455119506205
2023-01-29,-194.68740903026884,-21916.26788620403,19374.27686309938
2023-01-30,-176.66783184215367,-21031.8261327338,21350.538462392185
2023-01-31,-175.20180196131497,-21598.62940199298,21437.76200850218
2023-02-01,-180.34156765115793,-21555.841090951442,21685.990386497262
2023-02-02,-213.33945059866875,-21733.445440448726,22044.455233812205
2023-02-03,-262.8549311716388,-21543.257653618322,20540.226936715684
2023-02-04,1065.1393844477027,-20576.670950013846,24435.829972466443
2023-02-05,303.14829248185544,-22185.199821167364,22124.263727868936
2023-02-06,329.86352959021866,-21089.755606623134,21478.25840740818
2023-02-07,318.485807788379,-21738.60447642866,21439.863417721637
2023-02-08,280.18156207106426,-21930.54672905678,22599.193707477378
2023-02-09,196.8984180464617,-22023.403992587846,20852.99797263118
2023-02-10,82.49535178367462,-21751.7252063967,23039.710077671687
2023-02-11,1277.8474623853174,-19703.634110662835,24322.267353332823
2023-02-12,459.8226891430202,-19548.834624524494,23429.69586250573
2023-02-13,394.2750039115909,-19319.84798244376,21341.83348911583
2023-02-14,291.90975399932773,-21878.635333214806,22497.393769850096
2023-02-15,167.21834319988562,-21300.330815976744,23032.584944001872
2023-02-16,6.393575779721798,-20903.191960913362,21773.551057234286
2023-02-17,-174.19911838134658,-20027.348910936384,22536.129418681478
2023-02-18,912.1368412536393,-20680.29828234618,23176.48149519972
2023-02-19,84.6713011425875,-21356.615999740443,20316.933375585733
2023-02-20,-6.364563161068275,-22113.66906228697,20770.376923026815
2023-02-21,-116.2315704423477,-21050.090075102406,23131.96235803281
2023-02-22,-231.11107666611372,-21156.746420644202,19688.985545572068
2023-02-23,-364.91664701549485,-21867.32802531937,21430.320126398943
2023-02-24,-503.30125441187926,-21447.237869776625,22013.32487981496
2023-02-25,581.7359929832592,-21214.06105820746,21976.451065780995
2023-02-26,-152.46788445013624,-21760.378711807236,21761.610668833662
2023-02-27,-175.29459977530888,-20083.968895048933,22056.99714594747
2023-02-28,-211.47259754750593,-21301.51158888463,22744.12797698646
2023-03-01,-250.74787222288782,-21666.40474535534,21681.743243655554
2023-03-02,-309.32861450076723,-21180.268012829594,21618.13729108469
2023-03-03,-376.3064630693806,-22576.028962737117,20462.23898943875
2023-03-04,717.0045861202221,-20261.873356259952,22727.396494164503
2023-03-05,66.19213913194477,-22208.181771976953,22021.624541960195
2023-03-06,83.21790878351985,-19972.231486477518,23544.416783229244
2023-03-07,75.55675944612342,-20609.829526300266,22596.077366642337
2023-03-08,52.198956643885715,-21214.027183653976,20660.292298986336
2023-03-09,-2.534238921045542,-21944.44553618217,20685.624179106435
2023-03-10,-77.95035096115592,-22472.651687163765,21312.511615253163
2023-03-11,938.8062061056476,-20513.814231494292,23000.083475409625
2023-03-12,285.1757487461098,-21005.140256690793,22434.42644020374
2023-03-13,258.03769201612954,-22006.22341724847,21677.566345563042
2023-03-14,200.47539653290082,-21468.28545550655,22048.993754522693
2023-03-15,123.31969301025156,-20213.006117497327,21977.655846601363
2023-03-16,14.107306850180434,-21053.613760772558,20779.91407440864
2023-03-17,-114.5162579351758,-21385.927527940046,22029.43159734419
2023-03-18,796.0492373246777,-19168.21109916394,22941.06770448999
2023-03-19,126.025952334676,-21708.804552178688,20498.148015770388
2023-03-20,57.46834773428214,-21039.8939179438,21677.04360728635
2023-03-21,-31.345182471582923,-20078.68642772285,21998.642163787783
2023-03-22,-128.80013180639412,-21105.679485078974,22284.93984287294
2023-03-23,-245.79228200473645,-22624.673122071268,20535.291711754006
2023-03-24,-369.8872081026895,-20681.450863717142,21895.585945203642
2023-03-25,500.6740998948376,-21072.330077513212,22087.571051217426
2023-03-26,-114.00213196730111,-21232.494588065216,21776.411754729594
2023-03-27,-149.775112598052,-23129.942673176472,22537.185570105663
2023-03-28,-196.32384662953106,-20193.60149405779,21934.031790976525
2023-03-29,-244.3378387931041,-21819.09152670863,20538.62921629708
2023-03-30,-306.0436261633008,-22482.14574431355,20558.221761421377
2023-03-31,-371.81058236922,-21688.292382660977,21207.168207603405
2023-04-01,501.0949546207924,-19914.208512441248,23263.674898870602
2023-04-02,-29.026508431242792,-21013.96639817535,21628.470975656768
2023-04-03,-17.07712715692943,-20858.297188472166,22636.098290294154
2023-04-04,-21.21955233918105,-21073.50412190661,21495.84670498506
2023-04-05,-34.35173163910953,-20380.11336973359,22682.487320155426
2023-04-06,-69.32003077725639,-23085.144068398564,22192.347028239463
2023-04-07,-118.00245474249682,-21629.50718347749,22674.061751175443
2023-04-08,705.1341627548135,-22272.91502679064,20967.1748675995
2023-04-09,198.86324554862003,-21148.44087188973,21489.11596750137
2023-04-10,191.87803874247913,-20950.36131531042,22513.64633613936
2023-04-11,160.42142973553268,-19751.80417972686,21483.37384359512
2023-04-12,112.40790693954244,-22229.770722643938,21016.41274164233
2023-04-13,37.398953486938865,-22433.18123436715,23282.61724768312
2023-04-14,-55.083299490771964,-21664.03247486933,22890.085028256595
2023-04-15,665.9621032288823,-20172.721312600584,22136.352286329125
2023-04-16,142.09668862265423,-20001.869320571677,22097.836606744087
2023-04-17,87.4720393408305,-19921.524268766727,22562.285293190653
2023-04-18,14.065607184052375,-20590.696007642946,20487.759513307567
2023-04-19,-68.66135342844933,-21502.873009081475,21993.229437767237
2023-04-20,-168.63716936049943,-22111.79551820812,22651.0861667501
2023-04-21,-275.48127590324526,-22598.226955434868,19741.782186356286
2023-04-22,386.1033061227493,-21660.798689185012,20210.76819612274
2023-04-23,-101.29578895833957,-21403.731287611092,19641.316968664603
2023-04-24,-140.35635941384822,-21634.277280928323,21610.57871054887
2023-04-25,-186.09277552733508,-23355.564381568314,20580.655380305943
2023-04-26,-230.55548201740038,-20777.65003991584,21433.837721086904
2023-04-27,-282.4308472175771,-21991.809532145995,21251.74976100192
2023-04-28,-333.8242880414857,-22691.448435969407,19958.54204060105
2023-04-29,331.5765075106575,-21054.782974035872,21435.14167125696
2023-04-30,-65.69087270033589,-21938.642151461478,21120.71814203622
2023-05-01,-47.868568284574714,-23049.64829474089,21150.137129492377
2023-05-02,-39.229962315708796,-21826.067474116764,20344.816725418495
2023-05-03,-35.02472650504033,-20612.527505676993,21512.262049530396
2023-05-04,-45.71286555917195,-21553.983413785052,20380.821722070956
2023-05-05,-66.16075542234138,-20743.882551873932,20729.96891438394
2023-05-06,561.4667252348428,-19861.684869791312,22471.834658061223
2023-05-07,196.9596338845557,-20603.396130310746,23220.780342086986
2023-05-08,200.59120522277294,-23159.65267522902,20545.0209080875
2023-05-09,181.6371927641921,-20773.462195631077,21559.3486346919
2023-05-10,145.1066859314038,-22023.417411512983,21650.03180084425
2023-05-11,82.76728064907904,-22196.498822434816,21733.210844573394
2023-05-12,1.4046146906072563,-21307.3534379951,20070.39611360209
2023-05-13,505.04888362301097,-21864.265226150135,22491.961149054314
2023-05-14,97.50565324852242,-22119.662553589453,20296.294084573634
2023-05-15,26.238309543386123,-21092.203688366575,21580.831552517535
2023-05-16,-61.52521312604627,-20307.33284512298,20162.852699699757
2023-05-17,-156.56725356656537,-20874.59128359502,20826.572071694878
2023-05-18,-261.5690543810417,-20964.500347755402,20210.28585535363
2023-05-19,-365.5537832880778,-21260.57332262622,23863.33111858301
2023-05-20,83.32145078232537,-21497.215521814935,21748.383567333443
2023-05-21,-266.53693207448316,-23170.116782070065,20171.714353937725
2023-05-22,-281.00181604495947,-21859.996889013873,21065.610927815324
2023-05-23,-276.57868593700294,-21548.85541404375,21690.15796898621
2023-05-24,-242.68317536308268,-20714.822891061045,20217.889618908863
2023-05-25,-180.42003427146767,-22088.9435432121,22129.90169107325
2023-05-26,-79.65325154389605,-21356.129923582226,20893.878773870485
2023-05-27,553.3219603062655,-20777.088703580815,22044.277580714534
2023-05-28,504.6677587861211,-20933.416289238656,21037.84766121037
2023-05-29,787.832096071783,-20584.708414119952,20972.322612830234
2023-05-30,1114.753318228465,-20284.597366365935,23166.83742293714
2023-05-31,1489.37951856314,-20600.02737762725,22127.89653816159
2023-06-01,1904.2438173534933,-19491.23099334755,22895.40834888817
2023-06-02,2361.0148258078693,-18433.215322424945,24118.443217129774
2023-06-03,3288.2066609378353,-18908.44264982629,26162.00251991501
2023-06-04,3603.4494806313755,-17103.56010843453,25302.963462325377
2023-06-05,4194.314080671577,-17560.198491873703,26075.450144917682
2023-06-06,4797.188139431165,-18497.703088951173,26085.237960858114
2023-06-07,5406.812549023775,-18054.19106891325,26100.679358348432
2023-06-08,6008.330749269227,-14754.635039929059,26326.333128558188
2023-06-09,6595.555398422124,-14679.714161274342,28831.05156063248
2023-06-10,7534.106609327284,-14492.294626333605,29270.30920394152
2023-06-11,7877.061328814389,-13108.536571183313,29396.38692590403
2023-06-12,8391.72047721179,-13847.781534295651,29181.503067182624
2023-06-13,8846.053012068003,-14368.249393290163,29527.085328340294
2023-06-14,9234.097119923012,-11471.862648097498,30569.225184911174
2023-06-15,9543.286641817114,-11566.184206406142,31013.349779275104
2023-06-16,9770.197047665062,-12339.173076609424,31338.247860781365
2023-06-17,10228.841288367077,-9579.820155241803,31007.051651077465
2023-06-18,10119.401112243211,-10840.288738871368,31527.77889586846
2023-06-19,10100.621889808155,-11931.233720666563,31476.37299298295
2023-06-20,10043.808946348532,-14230.616205579447,29951.571282286626
2023-06-21,9893.621906752674,-11438.865158001521,32307.00844935431
2023-06-22,9647.99401747621,-11434.310814476754,32451.3380958193
2023-06-23,9313.280726189052,-12869.477327305916,31095.625902183292
2023-06-24,9166.324535472939,-11491.63515164137,30352.86268731748
2023-06-25,8537.111805065977,-13230.575514793636,31284.42990925705
2023-06-26,7995.726103833352,-13186.23638110871,29574.706365219852
2023-06-27,7391.0868812420995,-14068.455028665101,28554.029866909405
2023-06-28,6735.949438708333,-15011.608618445847,28363.568827711202
2023-06-29,6038.4517827924,-17990.447250634003,27190.869134597953
2023-06-30,5312.998472385505,-15789.311330298517,27784.62385490601
2023-07-01,4799.381761875968,-14911.577518065711,26510.5426584566
2023-07-02,3942.6529554126782,-18010.609040265423,24339.306666821707
2023-07-03,3225.772685458199,-17469.702032906214,22590.676282831402
2023-07-04,2525.9183533668374,-18358.184173480167,24126.862263006253
2023-07-05,1855.7869886351466,-18450.039515248172,24133.137195922543
2023-07-06,1222.6016641123695,-20482.688448472923,22466.334604805743
2023-07-07,637.0699559351937,-20669.349662133307,20498.436469305696
2023-07-08,289.87045300671247,-21090.72751562871,22437.812468125234
2023-07-09,-270.94243619817195,-22076.786593799767,22829.363605628678
2023-07-10,-661.2716380171503,-21627.153427938494,20637.06878557785
2023-07-11,-986.7899824892978,-21473.37889019691,22570.217138396856
2023-07-12,-1245.0406150972992,-22555.155414748784,20665.11150060422
2023-07-13,-1438.7030534802082,-22487.718241251587,19910.75343822228
2023-07-14,-1568.3257953147845,-22445.104357360648,20635.636846499863
2023-07-15,-1498.2805819872183,-21770.599696228866,21528.539381085324
2023-07-16,-1581.6763820159824,-23567.981332648833,20062.90557053252
2023-07-17,-1535.5786264052444,-22381.168252274503,19736.805348683007
2023-07-18,-1538.9527005294215,-23051.82946471694,19941.527992548203
2023-07-19,-1502.1131496280195,-22483.902543843724,19923.412401249225
2023-07-20,-1428.0283998873063,-22020.212922720115,21532.92933661052
2023-07-21,-1317.5960296007609,-21747.787295825914,21971.893400973793
2023-07-22,-1041.3972090562547,-22309.73033555191,19760.21458911052
2023-07-23,-930.7216779101367,-22534.282908637866,20370.68436589954
2023-07-24,-717.5381794268393,-21267.623396705436,20580.622586620928
2023-07-25,-485.2222343055013,-22269.999503458,19868.34309209361
2023-07-26,-238.18197014256114,-21146.480142326924,22928.597103572833
2023-07-27,15.835669193200236,-21278.37638929738,21239.46357410718
2023-07-28,271.98179708900966,-21508.259347648906,22348.53670498878
2023-07-29,664.5423969453101,-21363.046968285176,21141.62914432841
2023-07-30,839.5731041429166,-21653.88078177672,21540.260269166036
2023-07-31,1080.359854694599,-18899.513274560657,21420.607985875413
2023-08-01,1298.114631598097,-18406.70485336755,21924.37985088884
2023-08-02,1488.885989210588,-19693.431070772236,23724.610206184116
2023-08-03,1646.1871656566195,-18459.785412722053,25223.330606675605
2023-08-04,1767.574939589405,-19027.035050983202,24801.545362815534
2023-08-05,1998.7259367980178,-17826.981117700976,24587.56552909263
2023-08-06,1969.5725967610513,-20338.334326305638,22312.242515321665
2023-08-07,1985.0334996845293,-19450.755725907755,23970.553720172644
2023-08-08,1956.9725330574397,-21999.272493898676,22786.689757916956
2023-08-09,1887.4911484402007,-18957.49842711949,22151.168964631317
2023-08-10,1776.345754769263,-18594.47208930798,23694.739730303398
2023-08-11,1627.737016518504,-19354.193990119107,23553.274016436117
2023-08-12,1602.1112377241668,-19880.80524757791,23310.925091289493
2023-08-13,1315.7034541188657,-19204.234360020277,23636.34870426476
2023-08-14,1096.4664810854056,-20069.906817405015,22935.596057564948
2023-08-15,857.2478136218695,-20994.608575795904,21760.953615172566
2023-08-16,605.4447704344808,-21297.220663468855,22958.42470308793
2023-08-17,345.2199432545488,-21577.38051878924,21344.650164397375
2023-08-18,84.53754089839187,-19682.513665736693,22357.918514813693
2023-08-19,-5.246367354556765,-21936.981336399396,21093.090035391215
2023-08-20,-326.34396351211444,-21532.1569702272,20926.511122255593
2023-08-21,-533.2944834737485,-20744.707918047076,21174.394948751575
2023-08-22,-718.4349311456467,-22220.053247442334,20320.314898745717
2023-08-23,-875.7296576233955,-22856.83509262641,20367.671647329287
2023-08-24,-1003.5903064826574,-21835.759105179826,19072.34379107509
2023-08-25,-1097.416112085363,-22464.194023678276,19578.659459528168
2023-08-26,-982.0331586237571,-21839.22122341886,20054.317693006913
2023-08-27,-1084.975448661714,-21592.096579946345,19560.52417551539
2023-08-28,-1049.7535209686105,-22470.679492521067,19412.982843633887
2023-08-29,-979.8036125833297,-22954.484514910284,19834.596605379047
2023-08-30,-875.6462188828788,-21512.192822236226,20616.99046528658
2023-08-31,-742.6033676009628,-21745.093362130785,20918.577314367354
2023-09-01,-582.7988841535463,-20476.419211490247,21636.151581356575
2023-09-02,-219.53515654890802,-22621.592657708123,20835.38703471213
2023-09-03,-106.83045183429842,-22861.876199705937,22206.877631810068
2023-09-04,122.83815920004075,-22487.18446043679,21444.48371164711
2023-09-05,356.11235008211685,-20660.835789673743,21829.219765683156
2023-09-06,588.2394563527023,-20874.35240603793,21440.09251898235
2023-09-07,810.4020997094424,-20880.075720866404,23003.24164787237
2023-09-08,1018.1732293264662,-18758.417791585973,23054.014607539037
2023-09-09,1395.090232824679,-18486.285994588652,23759.844815634908
2023-09-10,1466.7256561432278,-19526.20272026421,23974.057839744015
2023-09-11,1618.3136162425856,-20135.413690835914,23133.913978389948
2023-09-12,1733.6810573578803,-20063.66724928414,23143.86809003694
2023-09-13,1811.1951888581098,-19321.293154867875,22442.622466340286
2023-09-14,1845.9475782090574,-19853.527466678872,23405.755879650456
2023-09-15,1838.4700302772155,-19637.535474508342,23168.80277912472
2023-09-16,1986.0680354493138,-18470.164433224163,24766.99469533044
2023-09-17,1800.316194500109,-20823.559796445392,23589.50664859689
2023-09-18,1689.8833900093307,-21408.53696252282,24465.23279453039
2023-09-19,1540.6651677646848,-20241.36245055621,23442.43969756102
2023-09-20,1358.0603410963781,-20942.392923392796,23923.73580874087
2023-09-21,1143.9040428897827,-21210.222298584908,23034.869738745307
2023-09-22,905.3668777040307,-20347.73776690149,22674.686784910824
2023-09-23,854.0006045019089,-21147.13484524592,21823.5618515682
2023-09-24,486.6429731853714,-21622.19301500216,22970.15766568813
2023-09-25,233.45851711216451,-21401.62377949244,21444.021569369073
2023-09-26,-20.67906239381228,-23013.496229953646,20561.16080858508
2023-09-27,-267.501494336241,-21128.095085189372,22758.158620427585
2023-09-28,-503.5558287065635,-21189.809768245046,20043.170640860066
2023-09-29,-720.9879486948602,-21468.121211049034,21384.017521889087
2023-09-30,-700.6283173977964,-23018.47437056686,21269.573736342085
2023-10-01,-967.5032209333667,-23503.69399746042,20057.38370467585
2023-10-02,-1077.3903051243155,-21753.500037838625,20957.565339248813
2023-10-03,-1153.9896028489113,-22994.954877532477,20092.199652396852
2023-10-04,-1193.629459373995,-22359.006439079567,20200.490960344137
2023-10-05,-1198.4215415446424,-23928.166807138925,21294.121008651782
2023-10-06,-1166.5365360512103,-21003.18647253504,19899.484552174043
2023-10-07,-877.2432962932063,-22940.379577400814,20348.047775024967
2023-10-08,-882.6753578411802,-21944.879684667852,21445.49452008947
2023-10-09,-728.8435319101691,-22293.200336640784,21273.62120995649
2023-10-10,-551.2463423339507,-21953.419843749958,19748.571485583558
2023-10-11,-352.8815942518931,-21515.15597617838,21267.86617347321
2023-10-12,-142.2914758961115,-21542.881140800524,21404.938682907374
2023-10-13,76.69256759221261,-22250.209904029918,20775.605054286443
2023-10-14,527.9475340938038,-22649.44868638279,23452.153550085783
2023-10-15,634.9950318511193,-18109.032153917124,22039.25923500481
2023-10-16,865.4580963031876,-20349.449718531414,22104.4871000246
2023-10-17,1076.9088277761657,-21474.156609768346,21434.21242359076
2023-10-18,1265.4219733885145,-19072.404416746427,22834.039188119317
2023-10-19,1422.4876878928405,-21249.168797627535,23250.607711685712
2023-10-20,1545.6263991058245,-20426.51787848472,23249.453684026023
2023-10-21,1869.2380926535643,-21262.68471508219,22269.523088969814
2023-10-22,1800.0466568170432,-20076.455304077554,24275.343057847123
2023-10-23,1826.8273465253774,-19739.591573720645,23350.53546552359
2023-10-24,1807.5152138020865,-18581.552301349067,22029.27765326938
2023-10-25,1744.1329305146342,-18804.792429200552,21494.189387554303
2023-10-26,1634.4821208646933,-21468.53020474582,22563.253972743707
2023-10-27,1482.9550891945707,-21680.246208251378,23715.028650873854
2023-10-28,1539.0934004647895,-19921.375593416866,22641.378861349625
2023-10-29,1196.4224914616038,-20153.67480208701,22970.038085020828
2023-10-30,967.359279883153,-19631.810166043073,22893.284802726383
2023-10-31,711.5205883525418,-20004.86351597347,22288.431387938588
2023-11-01,436.99559348070426,-20974.818047424185,22787.467655081793
2023-11-02,146.81793288131612,-21375.38150799291,21355.010801695054
2023-11-03,-149.99191382515514,-21258.051247777883,21126.981164208602
2023-11-04,-192.09445110361952,-21281.46191446292,22385.48554648531
2023-11-05,-603.5133841826182,-21217.19119434522,20444.99461940774
2023-11-06,-853.4290112586855,-22435.871761763636,19519.132779958363
2023-11-07,-1086.5283488098048,-22757.27261987273,20297.100179496632
2023-11-08,-1295.2250319062966,-22949.910685082494,20107.22206836386
2023-11-09,-1478.2399478747977,-23118.735997924614,19369.526275547767
2023-11-10,-1629.1374317185305,-22713.3250661929,19683.391172312262
2023-11-11,-1482.035334648992,-22493.26971483931,19928.7082202824
2023-11-12,-1685.6061372791232,-22847.59366583276,21162.857568717176
2023-11-13,-1697.4068869508892,-24133.128088860416,19825.38470788163
2023-11-14,-1672.6999548796798,-22672.446279382253,19883.216812669274
2023-11-15,-1610.0214806021434,-23911.70377426825,18886.864177287476
2023-11-16,-1514.6593737149722,-23570.040866630177,19874.08117817402
2023-11-17,-1386.6664294139025,-22809.599132043855,20053.95877515502
2023-11-18,-958.520083420107,-22693.29894536875,20307.3610470451
2023-11-19,-905.3714748563542,-23836.061944384543,21917.384619312164
2023-11-20,-673.8925787078308,-20823.18491217559,20909.326020630626
2023-11-21,-429.5497151545181,-22192.563891924958,20971.5332560834
2023-11-22,-175.5478751991767,-22150.235290917164,20989.572759820985
2023-11-23,78.7344776981751,-21587.955897920834,22662.001152896522
2023-11-24,330.18338363573855,-21469.95040989454,21382.600172136696
2023-11-25,852.2352675464291,-20938.080605239305,21903.714130977067
2023-11-26,948.2564000487397,-19890.91996634286,21937.377673782048
2023-11-27,1188.0378885386606,-22093.781370019937,22928.63248840682
2023-11-28,1401.9156210878596,-18569.349553167962,23408.13836454479
2023-11-29,1588.2874965733438,-19226.520837124965,22026.614298362234
2023-11-30,1740.055015407824,-20261.453623154506,21048.74329189106
2023-12-01,1857.345869360552,-19243.62877617578,24066.343054111527
2023-12-02,2225.5838087777242,-18708.2884870541,24383.762427095317
2023-12-03,2132.3441004514884,-19336.669599387616,24160.428148513693
2023-12-04,2169.0512166560857,-18796.74716500981,24579.3417410153
2023-12-05,2166.3694601115353,-19406.183878255317,23591.403237770937
2023-12-06,2125.245273866732,-20545.645012030473,22880.20879696946
2023-12-07,2046.867901194265,-20734.85395342464,23148.22108459854
2023-12-08,1936.796759445482,-17791.387327839246,22688.795596531323
2023-12-09,2092.14256247393,-20373.040898643387,23648.831868566514
2023-12-10,1788.6495899236463,-18921.148443278187,22207.40041341681
2023-12-11,1635.6746650726022,-20590.001847646196,22511.801895407574
2023-12-12,1463.6345757797694,-20443.449915954603,22064.38890879188
2023-12-13,1279.3472561693534,-20171.812936959945,24090.506231371925
2023-12-14,1083.1587047994055,-18333.43513580519,23124.199803101095
2023-12-15,882.0930095674763,-20993.699162837485,23179.634844425418
2023-12-16,979.3640191718067,-19685.018279214157,22273.626324646862
2023-12-17,637.2171367836435,-19840.18671305969,22204.021325990117
2023-12-18,475.4529952438739,-19851.359650909726,21725.434344102756
2023-12-19,319.8944924121848,-21483.344577064832,21910.244558488652
2023-12-20,175.44162486851206,-21516.9004898329,23167.014101644785
2023-12-21,39.902638676960336,-20708.868650681175,20532.55283063695
2023-12-22,-82.52460214619788,-21798.941005842662,20793.066615042226
2023-12-23,113.60583020466191,-21064.18606740802,20474.001721214638
2023-12-24,-126.32083244073023,-22155.55213900654,21354.55340043361
2023-12-25,-174.8390144739152,-21591.65620986695,21505.509296854987
2023-12-26,-212.8622949217763,-22525.827524044173,21196.085862755026
2023-12-27,-238.88086294228393,-24506.867856442062,20662.92078835492
2023-12-28,-258.41224853533737,-21814.949447263054,21303.97181146903
2023-12-29,-270.19468203521654,-21670.991323394308,21493.59228047599
2023-12-30,33.992887383444014,-20792.491307407785,22644.397592068795
2023-12-31,-116.17159877868029,-22492.947764238605,21365.95415309525
2024-01-01,-83.8540049406592,-20743.55916874339,21467.315974888406
2024-01-02,-54.52292203700954,-20204.77322570767,21608.38420347035
2024-01-03,-27.402559892219955,-21144.117747734315,22038.224731110808
2024-01-04,-8.651419698985736,-20686.512774423907,20092.48654825917
2024-01-05,3.197229428826846,-21805.45909329167,22629.698706665844
2024-01-06,318.7092678810545,-19410.687428424302,22500.561637089133
2024-01-07,163.7963646459627,-21969.90344342166,22267.963651997554
2024-01-08,180.53609825275868,-19643.627797107805,20292.351455776345
2024-01-09,184.12405024121526,-23401.727409142157,22158.604842041306
2024-01-10,177.15074410789234,-21178.257615804112,22056.9967833786
2024-01-11,155.723607522906,-21775.049349031582,22879.403665676356
2024-01-12,123.35685057959417,-19515.053588408282,22264.919428664765
2024-01-13,391.62624865019046,-21881.513109855106,20636.03265406469
2024-01-14,190.95774526082866,-19956.590142520272,21741.98791765738
2024-01-15,163.12082444699485,-19665.938891297046,21959.938330542787
2024-01-16,125.54377995637437,-19969.683699132136,22270.23845556347
2024-01-17,82.1946095509981,-21934.31368088233,20731.707101740918
2024-01-18,30.311050886962697,-21853.494936078776,21430.902870754457
2024-01-19,-25.77789578566303,-20942.317867285466,20616.97431367629
2024-01-20,224.99397700739772,-22224.656339007848,20848.394543798342
2024-01-21,15.825732893830669,-21821.700984707993,21371.47550623242
2024-01-22,-13.714761077660853,-22451.803843468762,21847.897570835976
2024-01-23,-45.9412192191637,-22414.47968069666,22431.32037018448
2024-01-24,-77.49344132989974,-20841.983215110267,21113.2530388609
2024-01-25,-111.93135379588873,-19841.6799019804,22390.640237880638
2024-01-26,-145.9188952357356,-21641.257312935908,21579.3058396648
2024-01-27,129.46925957075374,-21462.53623802889,22954.9318501075
2024-01-28,-51.20180550023672,-20851.710992235443,20873.36794566111
2024-01-29,-51.71056189481547,-21206.899110530863,20964.93895723277
2024-01-30,-54.96745602604823,-22550.269491259223,21439.06500003851
2024-01-31,-58.654636926061144,-21594.565176776716,21197.442861284042
2024-02-01,-67.4449638570407,-20596.326784061177,21692.604845103095
2024-02-02,-78.90959784936366,-21007.61459569469,19907.545951880104
2024-02-03,211.73277773879067,-20984.61204288406,21652.16956807575
2024-02-04,46.66013728309686,-21208.368197076936,21616.8962224274
2024-02-05,54.90671951239191,-21838.33680244047,21298.80423055895
2024-02-06,55.468671649375935,-20755.594174315578,21778.492412984873
2024-02-07,50.59364680566547,-21518.933514133052,21164.205996486835
2024-02-08,36.04537540724538,-20117.88012848995,19764.92657220424
2024-02-09,14.643882252023172,-21788.770964614785,21741.33400142965
2024-02-10,286.55965195731466,-20979.93450086668,21408.459009374616
2024-02-11,107.57812667829035,-22120.658048908866,20891.60565016891
2024-02-12,96.81414193230725,-21341.834681508728,20889.838170230814
2024-02-13,77.1974782733943,-20678.387930416324,21233.13789305674
2024-02-14,51.8084565081623,-20319.533780036327,21580.700081040042
2024-02-15,17.341924468170568,-22382.690371475917,22168.381426928718
2024-02-16,-22.61805998218045,-20288.65275272041,20922.047730298575
2024-02-17,227.6330061060287,-21957.513680381795,21015.607703095448
2024-02-18,37.407075060881894,-21598.77030402645,21317.39358433484
2024-02-19,15.60328076881072,-21914.77375446333,21336.16101422918
2024-02-20,-11.408476473084768,-20530.2554555787,21382.453015726685
2024-02-21,-40.38102754393754,-22416.941042592734,20123.01004942784
2024-02-22,-74.49593232399249,-21275.4817639809,21045.90219406595
2024-02-23,-110.319308180379,-22431.981326454337,22356.660009163545
2024-02-24,142.40452490945407,-22274.37592067579,22906.21375987862
2024-02-25,-34.49783684696139,-20841.76725782946,21888.691603082792
2024-02-26,-43.34417842260834,-21791.12796942068,21733.81826914408
2024-02-27,-55.27676793453466,-22917.082398273214,20190.26960838161
2024-02-28,-67.68128154904468,-23207.06279942634,22765.233792834384
2024-02-29,-84.4014816653555,-21042.118193219358,22670.558453277372
2024-03-01,-102.7579232874887,-20398.16524305194,21276.21952988042
2024-03-02,160.46151659678955,-21401.06405611275,21972.489883853254
2024-03-03,2.0450405815851216,-22030.564283099786,21285.262067671098
2024-03-04,6.091862885702099,-22343.8722781914,21212.16944053222
2024-03-05,4.743983703318507,-21119.89487088711,20481.749448289193
2024-03-06,0.11800494231310658,-20962.67008821148,21276.193652486876
2024-03-07,-11.743043566850607,-22425.812517666844,20288.065497818032
2024-03-08,-28.351389742846322,-21383.575690577763,23551.261283079057
2024-03-09,226.29442044591178,-20541.651720863767,21441.860585709383
2024-03-10,67.02424177779947,-21308.892233304527,21123.114455810122
2024-03-11,63.31719548456612,-21003.08125364337,22731.08561470283
2024-03-12,51.959328023605735,-21594.74391530721,21269.416188973086
2024-03-13,35.47198011936084,-22742.499270192486,21491.776771606696
2024-03-14,10.533121698262212,-20466.477655605333,20811.104955159248
2024-03-15,-19.84986489188592,-21844.282025308552,21804.611568359618
2024-03-16,213.71776581750217,-23186.11168246254,22642.087799805126
2024-03-17,44.5815697809111,-22228.39683690633,20289.397870919875
2024-03-18,27.92742387683216,-21545.40160353422,22179.945961038797
2024-03-19,5.353685467490778,-20277.21695833315,21557.238086355886
2024-03-20,-20.20898369669572,-20832.042540597315,21408.474897705717
2024-03-21,-51.60544491975697,-21304.869031692466,19502.178159791874
2024-03-22,-85.62117342984033,-22210.44819450673,21659.452975886354
2024-03-23,140.0783531049657,-22347.39695019339,20908.489832691346
2024-03-24,-23.221084822169523,-22347.42725351105,22928.92833612382
2024-03-25,-35.30053278477988,-20715.27122514433,21727.173857169877
2024-03-26,-50.49369677982221,-22487.93340453349,20791.94340346825
2024-03-27,-66.24548326428268,-20663.04090706438,21269.081429248865
2024-03-28,-85.56619429598352,-21690.5714880565,21105.014888924292
2024-03-29,-105.88189565907359,-22352.390238805223,22194.078693752337
2024-03-30,126.01480172360569,-21787.728414798436,20629.33917324688
2024-03-31,-18.14931492080114,-21173.96091818468,22497.67239288592
2024-04-01,-16.293342960085933,-22777.792972273473,21356.157765243446
2024-04-02,-18.253337885190223,-21589.580063725658,22225.69712370021
2024-04-03,-22.10095742288315,-21269.458964062265,21770.828978301808
2024-04-04,-31.342625354690764,-20859.510830129493,22797.673714429715
2024-04-05,-43.824623330625876,-20877.846315264003,22367.560271157974
2024-04-06,182.96549701847562,-21156.805382790633,21393.06573005979
2024-04-07,46.30911155694778,-21364.092604224174,21304.44096071458
2024-04-08,46.80777049631361,-21692.129743101446,22538.38856124874
2024-04-09,40.82365769403964,-20568.436684303866,23002.360991673395
2024-04-10,30.376196907217153,-22051.019967160366,20851.410537525113
2024-04-11,12.394141792434132,-20729.16732853402,21183.993351051788
2024-04-12,-10.665302557842585,-21047.41013001122,21617.85125295477
2024-04-13,193.81673815826443,-22985.02307951865,21472.772467720246
2024-04-14,49.43375619497831,-20489.61654996186,22348.774188746964
2024-04-15,35.98980116292853,-22120.762820137086,20804.237298496628
2024-04-16,16.622256901916472,-20682.627398925688,21600.039163859994
2024-04-17,-6.1117219612778095,-21805.33917472156,22545.752482024207
2024-04-18,-34.55244539269865,-23065.840404632403,21888.586399826076
2024-04-19,-65.80921331221715,-20520.020966317687,21446.55672801538
2024-04-20,122.79906698467036,-21682.280674789974,23233.2484785299
2024-04-21,-19.04204211366019,-21043.71046427066,23022.99828447434
2024-04-22,-32.7164591670215,-22637.408533113623,18889.304045674337
2024-04-23,-48.86009305110614,-21545.12391096639,21983.871714604196
2024-04-24,-65.06552409785412,-20793.42651482418,22068.023349393225
2024-04-25,-83.70996739910179,-21290.161520903763,22139.676658346158
2024-04-26,-102.37192554434633,-22428.55889369203,21200.926671522007
2024-04-27,90.50120489804347,-20761.1989325035,22533.58894333395
2024-04-28,-29.664781870449644,-20933.100550348976,22013.663763868954
2024-04-29,-26.8614413589315,-22572.5706563013,19317.090036387184
2024-04-30,-26.191790555087614,-22365.34005801183,21370.97705357756
2024-05-01,-26.14245691419815,-22333.211678411317,22503.58765391358
2024-05-02,-29.784202368806913,-20823.67353706422,21509.482779397284
2024-05-03,-35.55745106578868,-20673.394862536392,21758.602687199662
2024-05-04,156.39546861459456,-20862.94640228263,22099.409219216428
2024-05-05,48.13211309476049,-19647.936857853958,22534.700828169098
2024-05-06,52.54756116929778,-20159.94067879535,20148.04130695215
2024-05-07,50.73464675980249,-21647.389346792093,22551.393787992176
2024-05-08,44.00138932553629,-22715.16821847209,19810.238204176512
2024-05-09,29.52059287130742,-19733.670076434293,22281.09856858498
2024-05-10,9.065545885892405,-20826.3434780301,19560.127873116497
2024-05-11,172.05253058917418,-22393.525804238638,22944.0047184858
2024-05-12,48.54443998497268,-21689.688986270212,21286.081598580935
2024-05-13,29.771732072062548,-20360.822150781674,20804.65731123109
2024-05-14,4.497226233799212,-21893.923689894935,19882.401082323817
2024-05-15,-24.7300520197924,-20552.428783512274,21429.235854270504
2024-05-16,-59.12999908332871,-23141.117735175845,21498.96813049187
2024-05-17,-95.48923036016932,-22217.74175130352,22035.63508673372
2024-05-18,46.20344523230718,-23491.149040924505,20220.480182861684
2024-05-19,-75.18641709046254,-21577.052011589592,21617.33911361002
2024-05-20,-89.577876758736,-21611.359083338,22455.471551682323
2024-05-21,-100.34119768413497,-19261.60384998969,22843.322611696844
2024-05-22,-103.83476305298642,-22205.31279866367,20299.518917789646
2024-05-23,-100.17891671126883,-22402.288284592927,20615.874972725247
2024-05-24,-85.60384562077607,-21227.287621637788,21039.72321074564
2024-05-25,109.23615198565187,-21052.067144473665,21014.461556101403
2024-05-26,70.45616013679891,-20326.462139044877,20607.024672805223
2024-05-27,145.04819709010005,-19982.081345972947,22170.775735966683
2024-05-28,235.33416437514705,-21694.028347517073,21339.655221403187
2024-05-29,343.6377487519261,-21076.661297439558,21206.441891661194
2024-05-30,468.35641355710413,-20998.770183550085,21310.15949655099
2024-05-31,611.1506581316238,-18422.50351539899,21680.34728424128
2024-06-01,927.9845126330392,-21833.379297063908,23135.317986037
2024-06-02,1029.6393348746253,-19834.968268266315,23595.817118678257
2024-06-03,1237.4669380607104,-20596.95518063147,23684.028381411503
2024-06-04,1457.202588630129,-19146.277010438225,23617.656377882104
2024-06-05,1687.8501030050495,-19703.3502390699,23550.127706253024
2024-06-06,1924.6863575047578,-20989.658031542058,23745.68949055658
2024-06-07,2166.040239356546,-18942.3971438838,22794.946906893147
2024-06-08,2553.75133500506,-18721.652352615707,24823.227375021906
2024-06-09,2723.042708626911,-17691.569834978603,24534.0021282388
2024-06-10,2969.948300767254,-19841.77766715048,24201.416699858062
2024-06-11,3204.5003548897284,-17556.543792986406,24415.379855675565
2024-06-12,3423.8269538969384,-17674.216726594605,24509.84832134541
2024-06-13,3622.0727617025004,-17385.35885609759,25910.194141773405
2024-06-14,3796.735892762432,-18041.515742158907,23218.03972849843
2024-06-15,4078.4980299285808,-17319.937714886004,25893.612036214705
2024-06-16,4130.395368234741,-17595.04857399869,26296.105831028308
2024-06-17,4226.84677747348,-16371.490489308266,24883.032565360943
2024-06-18,4286.131212739784,-18226.367578656434,25624.682596410068
2024-06-19,4307.604407279468,-17733.37065378654,24776.593144964638
2024-06-20,4288.413311745065,-17472.36005432233,25994.791607064875
2024-06-21,4229.355782427574,-16225.73512883554,26070.462683634647
2024-06-22,4253.9076087403955,-17364.61080559163,28103.600685610676
2024-06-23,4056.619681251929,-16899.668610508335,25936.44112238747
2024-06-24,3893.633419141136,-17940.693271921424,24693.330549799404
2024-06-25,3694.371047131989,-18614.671071245903,24726.847766007002
2024-06-26,3462.7841551611214,-17158.878150694432,25563.97951495895
2024-06-27,3200.8401744008006,-17435.475518148454,24402.150086062633
2024-06-28,2913.7135083068983,-20453.28764407821,23841.076861983962
2024-06-29,2718.1044273432003,-16884.01595731792,23387.76466895932
2024-06-30,2339.809357000177,-19325.60554595558,22975.440245882066
2024-07-01,2015.698135899855,-19071.599765192026,22701.895766332134
2024-07-02,1684.652575365592,-19444.136450138096,22529.243175041447
2024-07-03,1352.8713620744002,-19450.101478118704,21809.34303619481
2024-07-04,1024.1580984510354,-21073.946289163247,23306.73886695592
2024-07-05,704.5791927643671,-21153.998098857282,22612.997730238883
2024-07-06,500.0880935579981,-21978.750560082037,18808.081798850973
2024-07-07,163.38465371559468,-21818.43246902009,21810.028554937337
2024-07-08,-92.54208240921602,-21548.613214169505,21125.53258221358
2024-07-09,-324.1160699825751,-22150.36725564034,19967.703649213574
2024-07-10,-527.6977038490604,-22072.51234782782,21106.138896946093
2024-07-11,-702.3776035748706,-22781.68979895943,19739.839449874482
2024-07-12,-845.7371547176024,-22847.299995303423,22618.973412183466
2024-07-13,-866.8089803768655,-23217.748275563576,20449.98809797722
2024-07-14,-989.826329008182,-21415.61732932388,19608.14585398185
2024-07-15,-1029.0230850726828,-23356.971594852588,19929.930048172257
2024-07-16,-1038.8979660256082,-23018.12149079349,21103.810989198642
2024-07-17,-1020.5025636533345,-21330.839770776234,20503.474768774693
2024-07-18,-977.2698072381723,-20814.85055617795,20804.74574769208
2024-07-19,-911.1639358729326,-22134.511766489388,20839.82464813082
2024-07-20,-746.2148323590185,-21377.493086482824,21100.676995050984
2024-07-21,-682.8842768263156,-22376.83030699421,20655.50592847523
2024-07-22,-561.2354449687388,-22967.265293500714,20209.564215828268
2024-07-23,-431.80315761933497,-20984.537457475766,20812.984073240576
2024-07-24,-297.70703914096487,-21500.483382081922,20801.65542927261
2024-07-25,-163.58978417588924,-22604.787124288978,20696.337058305213
2024-07-26,-32.24352213310534,-20853.34582759951,21333.680913280212
2024-07-27,161.18423252747147,-21265.818977593368,20117.109512366358
2024-07-28,244.10323465440396,-22848.235933487314,22396.007198824107
2024-07-29,354.83259266219505,-21297.74984565411,21619.66602174952
2024-07-30,451.0146542516352,-20896.584825250706,21424.47997416464
2024-07-31,531.5684348422133,-19747.633926343653,22052.05403258772
2024-08-01,594.5381195113126,-20698.555065158704,23779.760545594854
2024-08-02,639.8940694030958,-19761.8436977909,21911.791694984582
2024-08-03,724.5694782979392,-22213.30934293757,21463.28066987106
2024-08-04,706.5781313773342,-21280.638025766693,21705.01289898475
2024-08-05,704.8284591249487,-20486.472635852348,23540.81632049364
2024-08-06,686.7775033238382,-20125.92678288637,21397.983757166145
2024-08-07,654.4234136912943,-20003.560444421288,21438.39612112212
2024-08-08,608.9302315060925,-21315.632758513482,22485.125340153154
2024-08-09,552.8628137623099,-22581.28222702971,20199.814633603684
2024-08-10,534.489191359681,-20557.55034006351,22795.77432134795
2024-08-11,441.14211999418853,-20474.371151596835,21981.953582862738
2024-08-12,370.54799313717524,-20344.0308477351,22019.03374411021
2024-08-13,297.78619732611634,-20904.395254558527,23228.152481811867
2024-08-14,225.39628902725775,-20704.93960870918,21522.078325741793
2024-08-15,154.86259726530614,-22187.792484943246,19671.11696701341
2024-08-16,88.37190522234512,-20603.695964130635,20847.1032868193
2024-08-17,62.47305765167099,-22420.01348566938,21085.302656116346
2024-08-18,-9.226316376149036,-20807.5178052594,20792.490833186446
2024-08-19,-53.127353122826946,-21800.735745170998,23672.05306883333
2024-08-20,-89.29194972655534,-23678.582291015868,20668.457687961236
2024-08-21,-117.14529481929812,-22345.71337973481,20680.542158206026
2024-08-22,-137.0656648388905,-21667.034866704253,21480.923779733985
2024-08-23,-149.04968838534742,-20565.504305999355,20880.79639319422
2024-08-24,-129.65425914607033,-21911.31666618774,19631.570491886083
2024-08-25,-139.93728033546458,-21123.52365990821,22837.364381639858
2024-08-26,-130.90870836648574,-21337.00800028097,21446.215301628512
2024-08-27,-117.79559273252863,-21246.597849781545,21213.396858362317
2024-08-28,-101.57011897931882,-22062.365423910473,20288.402669200565
2024-08-29,-83.64303161426848,-22007.65098813104,21824.44304705966
2024-08-30,-64.99331742647053,-22025.1653303968,20612.42138788168
2024-08-31,-33.76371844972952,-20890.22014719238,21261.757449838446
2024-09-01,-23.899886399590983,-21502.748625324075,21183.588417323648
2024-09-02,-9.052568406423688,-22578.49440111821,19911.918771099943
2024-09-03,2.4722180762463037,-22207.567223954906,22302.724883811446
2024-09-04,10.28547718356117,-20838.801175738503,20218.45187426778
2024-09-05,14.044380573719932,-20392.87364226462,21753.760844446737
2024-09-06,13.787073257315372,-20249.517610342573,20964.640267128932
2024-09-07,11.617426638508057,-20402.088146098642,21768.472892499332
2024-09-08,2.308355046797861,-22116.488097124162,22339.398304661365
2024-09-09,-9.101810016771612,-21377.50266733082,21928.7607019756
2024-09-10,-22.984605640187848,-20643.48345207652,21249.721869008605
2024-09-11,-38.477312681331775,-21520.852604648448,21309.611565710846
2024-09-12,-54.547499725591784,-21040.196816225678,22770.886428443468
2024-09-13,-70.19732860435532,-21470.031981175296,20142.02646100252
2024-09-14,-93.48975577445671,-22177.456989348106,21605.167658517144
2024-09-15,-101.68161502026655,-21102.496061491536,21997.876215085435
2024-09-16,-112.09634700293925,-20568.74448875015,22439.47181889794
2024-09-17,-118.48208127789168,-24063.21266532423,21110.143349573267
2024-09-18,-120.24469848174957,-22275.956583422503,21983.86273299365
2024-09-19,-116.64834125206742,-20625.04848268027,22845.367536070007
2024-09-20,-107.49640360994334,-20171.263311690418,21691.194963730206
2024-09-21,-112.80318305334762,-18964.466309135856,22599.14247745386
2024-09-22,-83.59812737630807,-22850.65124336218,21299.943451613854
2024-09-23,-61.20346900540366,-22616.39573501895,20526.665028773983
2024-09-24,-34.215295384827165,-21323.14331575352,20927.56073324596
2024-09-25,-3.5596020860488524,-20902.014344122086,21753.643447799626
2024-09-26,30.21763121242528,-21432.86662028304,20097.024567935445
2024-09-27,65.82999862324372,-21461.991307072254,21804.447545960982
2024-09-28,70.96012878729279,-22208.646535072105,21233.239100779996
2024-09-29,120.79976566200162,-22263.521837319124,21359.719284182273
2024-09-30,150.37065124486261,-22674.057586800798,20259.29286610495
2024-10-01,176.91192580219982,-20301.72405347486,21326.47675607625
2024-10-02,198.9807978937097,-20592.623068871428,21426.79035669196
2024-10-03,216.04151966624676,-20561.345394812834,20586.865954596527
2024-10-04,226.86401998931905,-20682.92152839954,22325.457051764264
2024-10-05,188.56425639702556,-23407.60319653783,22822.115509249496
2024-10-06,204.43127746444085,-21889.6910710552,21099.895132080223
2024-10-07,187.78401165522396,-20680.81030577209,20909.67408680609
2024-10-08,163.6612966014263,-22825.655186111766,20138.924573018165
2024-10-09,132.0123442371135,-21597.84902410224,23120.50728132546
2024-10-10,94.09893851916607,-21085.770707519634,22439.44159217028
2024-10-11,50.35057504082963,-23484.371943201786,19672.839427454925
2024-10-12,-51.321574980849334,-18568.4509589543,22447.47610190842
2024-10-13,-78.46060734577155,-20375.388267750095,20306.28821435574
2024-10-14,-138.71240189041768,-22418.42112809597,21962.94075725984
2024-10-15,-198.86378000596983,-22285.914987469547,23583.714024219033
2024-10-16,-257.58176546170245,-20096.072181961175,24876.44853232426
2024-10-17,-312.2055745722735,-21299.32123618694,21668.749900273426
2024-10-18,-361.4299691832141,-21363.45823646047,20225.435931770906
2024-10-19,-467.70028279299834,-22352.17360275124,20364.660416242605
2024-10-20,-470.8820239801363,-21840.730508838413,21304.8944643347
2024-10-21,-501.37440766088645,-24033.14221103968,22200.167426948487
2024-10-22,-519.8262146342872,-22015.912288678443,20401.694306705733
2024-10-23,-525.7460410819969,-23164.326586991658,22131.366394001096
2024-10-24,-517.4229921469704,-21375.242082822468,21281.394584277958
2024-10-25,-495.07835426867473,-21353.00984927917,21608.519767250677
2024-10-26,-533.8969007437469,-23139.42239227363,19512.249622922453
2024-10-27,-448.3570768305819,-21609.054956393167,20982.207738852412
2024-10-28,-393.7384223701377,-22508.58829681956,20936.84623192868
2024-10-29,-326.4481272419443,-21586.400553080635,22213.127134207796
2024-10-30,-248.44147701434292,-21125.078734729104,23561.468111561848
2024-10-31,-160.21857728683148,-21441.655439731854,22212.196458178958
2024-11-01,-64.40145884563898,-21733.47970445307,21765.162954980166
2024-11-02,-49.36993657163017,-21419.51223682003,20870.041828786438
2024-11-03,95.76714995373308,-21443.56508103319,22166.774209731273
2024-11-04,191.27727665179677,-20673.244807034716,22551.452144230625
2024-11-05,285.8604824924609,-20286.145737607567,20948.806485837253
2024-11-06,376.39918619228484,-20386.36778275917,22196.832089423126
2024-11-07,461.8533594222576,-22203.26046805053,20056.87613954387
2024-11-08,539.2142145990471,-21361.991571319806,22251.145747822928
2024-11-09,509.20988408883846,-22115.370413296765,21860.401536355494
2024-11-10,610.6299316431015,-20258.521909178857,23077.622442514177
2024-11-11,641.9737200309206,-19252.314069067674,22985.1877645012
2024-11-12,659.8144082440122,-19817.776387925467,20794.765355821233
2024-11-13,662.6414318473879,-20620.354873543263,23337.389563680073
2024-11-14,651.5694085979817,-20492.69422239497,22798.36048197776
2024-11-15,625.7464155876801,-20334.61608592208,22262.54583785046
2024-11-16,477.3286414767669,-21576.37656675976,20074.630001202324
2024-11-17,475.03463163860056,-21602.319694225826,20985.283286410715
2024-11-18,397.2791115589157,-19487.403951670007,22389.86210017714
2024-11-19,309.796207192973,-21180.64452799633,21491.262275320878
2024-11-20,213.53790086147342,-21745.24252123864,21860.232143920904
2024-11-21,112.17207351820937,-22454.98193325754,21578.295544261844
2024-11-22,6.933762412892211,-21762.67466044443,21590.806508534246
2024-11-23,-219.1292513924018,-20701.43325320777,22630.49158141589
2024-11-24,-268.3575771594091,-21346.585182631043,19846.818060001777
2024-11-25,-383.8330578311862,-21901.18323298086,21004.70790579834
2024-11-26,-492.45655190482387,-21792.408186374916,18741.194163934968
2024-11-27,-592.9429799614701,-21784.83468983025,22790.413919984614
2024-11-28,-681.4743842047217,-23045.91248015883,19470.656711733314
2024-11-29,-757.3384632245032,-22917.9906485727,20066.417036187446
2024-11-30,-949.3393424572796,-23133.451003981285,19961.68215797256
2024-12-01,-933.6780383281836,-21800.95047818635,20814.352145265962
2024-12-02,-977.7148001721391,-21594.353376016203,21001.132747712712
2024-12-03,-1003.6718502396427,-21714.273437042943,20418.148222033997
2024-12-04,-1012.4492078125254,-23070.58524736333,20940.981536113875
2024-12-05,-1002.3615266648178,-22452.57205531113,19648.22913751609
2024-12-06,1978.2007837551012,-18959.71611797887,23477.906703866895
2024-12-07,5355.155224798758,-15462.270025928938,25352.31558467245
2024-12-08,7474.472834368977,-15737.678178727516,28705.294127784695
2024-12-09,9555.478200368094,-9803.062702522036,30930.32281698708
2024-12-10,11090.358481311387,-10711.52096687467,33814.72184570997
2024-12-11,12034.332170174033,-9136.742066792447,33331.39507744734
2024-12-12,12321.148065812145,-8705.483944069874,34562.8514902757
2024-12-13,11961.172989791166,-9731.04582883757,34382.837641727296
2024-12-14,14629.342705755356,-5510.584825676895,36232.889347747856
2024-12-15,11508.146512723024,-11432.387056793981,32076.104063601237
2024-12-16,10062.302105336063,-10644.742595575879,32132.51681892539
2024-12-17,8183.506148718836,-13727.73527880969,30144.617986197398
2024-12-18,5984.4082751801,-15577.57522666096,27608.886578744045
2024-12-19,3472.9544081784516,-17709.154354479615,23548.76288849756
2024-12-20,779.0556628797831,-20639.57913423298,23412.775517597565
2024-12-21,4598.366569576299,-16076.553774609394,25351.11801290154
2024-12-22,-1170.126121009219,-22761.62788297382,20766.17357295149
2024-12-23,-2959.1812888635322,-25271.66571878947,19043.78950388531
2024-12-24,-4636.953361683171,-26337.237588605516,16831.756808658047
2024-12-25,-6102.487144740026,-27497.429807496537,16941.138717514634
2024-12-26,-7445.69265711993,-30108.30104042468,13324.023596232084
2024-12-27,-8585.398645593528,-30000.488589421813,12597.806760703219
2024-12-28,36.56826133932005,-20629.235312186698,22116.44824070572
2024-12-29,-5106.708391335513,-28001.71484886374,15465.709940167095
2024-12-30,-4467.1418473707745,-26916.066298622918,17611.246732609965
2024-12-31,-3769.7174208486813,-26271.61071793898,17672.797688430022
2025-01-01,-2994.5476756552284,-24335.00737291822,17184.47147876294
2025-01-02,-2369.399662315025,-24732.149476342078,19058.86089048543
2025-01-03,-1871.8800723449217,-24268.676374952447,19440.427317940164
2025-01-04,10938.055644562228,-11087.667074272262,32505.972212020846
2025-01-05,5154.648689563058,-15734.919124965407,25473.612579556593
2025-01-06,6378.903156828589,-13941.294870400963,25842.112206436494
2025-01-07,7122.5006109515925,-13643.443650869342,29307.69602201186
2025-01-08,7434.87108490055,-14469.324080355796,28304.068980343676
2025-01-09,7073.252943422892,-15845.901607100965,28463.76522896207
2025-01-10,6131.166368373211,-15802.277973673425,27618.91154688922
2025-01-11,20062.121697186318,-2410.403712732774,40114.95933876034
2025-01-12,10709.513908663748,-10608.039778275594,31790.25174894299
2025-01-13,9846.638434973755,-10226.525357779903,31522.50302846612
2025-01-14,8328.02286524954,-13042.458753750752,29260.343945423065
2025-01-15,6321.66786270303,-15869.955251996456,28607.803800870184
2025-01-16,3638.4934822533432,-18409.197384214756,25954.639514751663
2025-01-17,489.1342802321476,-19297.401047627784,23695.32207457031
2025-01-18,15362.465146831266,-5317.342607773497,36713.13828315661
2025-01-19,2848.418636799283,-19735.227045450996,23174.446069568134
2025-01-20,865.9970024529586,-20831.65167171286,22754.974231179458
2025-01-21,-1436.497196673384,-23695.821989189917,21182.28538089448
2025-01-22,-3841.70604662733,-24342.402358948362,19778.947546058866
2025-01-23,-6571.2812824157745,-26728.540343177967,15152.856924114962
2025-01-24,-9397.03909888216,-31989.54416199772,10820.170863941888
2025-01-25,9096.584019443719,-13057.427457765605,31029.766513887847
2025-01-26,-3867.2251300840326,-25899.88667086944,18755.93191129816
2025-01-27,-4337.021515406054,-26003.912251568447,17663.68676320993
2025-01-28,-4979.404147699636,-26201.514482078666,16341.184277997261
2025-01-29,-5627.4146529810505,-26968.07556611498,15454.369805325434
2025-01-30,-6622.18376750398,-27096.28578505411,15343.522262570224
2025-01-31,-7788.657957369521,-28546.055790629518,12839.838251828585
2025-02-01,15163.662862816907,-5751.631560367966,37903.81601060593
2025-02-02,2060.317213500125,-17983.68983315182,25187.788763604927
2025-02-03,2876.215745376699,-16736.36364417423,23976.29517900728
2025-02-04,3143.000271453107,-19704.1506222113,24850.251015630187
2025-02-05,3011.8030676246594,-17955.049575221943,25937.24126137024
2025-02-06,2076.480683809052,-18880.030094883045,23156.95865280472
2025-02-07,530.9932936735511,-22151.11770848902,22661.732493427426
2025-02-08,25627.374471725634,4963.5062491260815,46092.26311533134
2025-02-09,9891.094198151462,-11660.579444164574,31295.001500227758
2025-02-10,9425.090758035165,-11420.596829545964,31193.211661973353
2025-02-11,8066.526300762554,-12890.53648805209,29734.221232276243
2025-02-12,6056.3438268537775,-15237.314443003057,26749.7899560089
2025-02-13,3023.097819980006,-19021.12513266531,24020.707916386986
2025-02-14,-730.5984565151743,-23046.959917190863,19863.22686895446
2025-02-15,25084.970731791775,2234.226251016603,47726.75405312293
2025-02-16,5754.6716747343535,-14813.172406261858,26978.875441307526
2025-02-17,3549.834560565347,-17087.41115396,26690.66978892846
2025-02-18,632.7537964756334,-20483.184259448397,22677.30455559379
2025-02-19,-2667.778113149829,-24417.445492869676,18684.707764651754
2025-02-20,-6711.999254286927,-27966.219224638302,14585.192316936545
2025-02-21,-11132.75452946823,-33667.03361571629,9810.654098820307
2025-02-22,17334.361429330485,-5188.974605166552,39920.182093883785
2025-02-23,-3345.758424810436,-24990.64591350859,18120.296946573457
2025-02-24,-4825.966328571686,-26353.860508314163,15803.255646263646
2025-02-25,-6720.896830550189,-28478.8396467319,16248.684590560018
2025-02-26,-8721.33770243143,-30562.23914363165,12159.692577609734
2025-02-27,-11284.760409860166,-33306.54601280456,9152.729593263512
2025-02-28,-14084.494730507906,-36295.61696682345,6234.194825252947
2025-03-01,19021.25903512114,-1515.0110685938791,41013.73142560321
2025-03-02,-1408.1063446198677,-23336.514770161837,19849.71090843505
2025-03-03,-1019.7899496730023,-23158.392061649593,21010.220899978995
2025-03-04,-1257.1531517044646,-22642.88386911847,19486.10066529764
2025-03-05,-1861.7060246553067,-22554.266698070885,21285.30423541241
2025-03-06,-3397.1632407898705,-25084.78785033727,17984.371379404984
2025-03-07,-5563.620865898975,-25856.33788480704,17264.5783244675
2025-03-08,30694.244871412382,10608.69664200115,52770.09195686098
2025-03-09,8587.638853977509,-11748.542344054964,29901.750884964848
2025-03-10,8551.408103460419,-14053.484090353439,28751.523978908885
2025-03-11,7406.035596237425,-14986.761726213957,28930.432257387296
2025-03-12,5464.440708672067,-16251.558186794884,25562.62811195576
2025-03-13,2170.239099646111,-19547.568343833143,23847.177564425558
2025-03-14,-2085.9980722689006,-23201.2787889095,19415.451097598718
2025-03-15,34781.08205920719,13173.020885567481,56401.68083452942
2025-03-16,8745.246023357264,-13393.039256574402,30709.757037311207
2025-03-17,6423.70813948854,-16440.077140373356,26803.274351024556
2025-03-18,2986.359845062545,-18623.903427532103,22584.106174240635
2025-03-19,-1132.4479162385014,-21495.035627651196,19578.804725995527
2025-03-20,-6436.447701658733,-27221.541988221787,13915.997276927748
2025-03-21,-12423.054319946004,-33947.631536466535,10267.49543993019
2025-03-22,26019.125723628662,4122.247238244311,47102.079801806554
2025-03-23,-2403.2563661076138,-23980.631286182208,18678.03071086444
2025-03-24,-4945.294405080726,-27378.87282649882,18116.751056903595
2025-03-25,-8165.633607637862,-29577.95639006257,14394.178852949237
2025-03-26,-11606.984386259002,-33042.223959323856,10249.962407888363
2025-03-27,-15835.839229305677,-37270.4585744972,4449.902765170051
2025-03-28,-20365.517113601185,-42397.76364919675,1830.4572900255407
2025-03-29,22806.029108361705,3060.5095223980784,45006.63173385122
2025-03-30,-5019.043993966626,-24502.259556269055,16586.631655195903
2025-03-31,-5101.8038055467605,-26400.412159876785,14202.77843227558
2025-04-01,-5853.67153258722,-26594.96364755417,17147.416495001635
2025-04-02,-6903.744276308349,-29058.697261010355,14199.296287934374
2025-04-03,-8970.650324255419,-29787.14139397912,12872.427338860234
2025-04-04,-11648.673311215058,-31861.329454941384,9144.918784685884
2025-04-05,35917.64146700579,14158.328678728527,58011.46162396126
2025-04-06,7618.986996747944,-14858.556052523985,28278.09074297607
2025-04-07,8212.923021349954,-13498.42677543191,29425.068987748542
2025-04-08,7491.452612166426,-13373.949928815317,27656.30144079131
2025-04-09,5825.6134549780645,-14373.965074038751,26183.352748118938
2025-04-10,2458.9017209680524,-19907.640074738658,24468.596259606074
2025-04-11,-2145.7626125586416,-24202.266781357728,21414.13815987417
2025-04-12,45877.5868116204,23619.214823447495,67177.5066086319
2025-04-13,13178.26160690277,-8506.711566523332,34676.990609936576
2025-04-14,10708.76645880831,-9615.139099263051,32758.847339748907
2025-04-15,6639.794435470283,-14979.298745320591,26998.663168436717
2025-04-16,1509.169652568076,-20000.949458159692,22546.120166241257
2025-04-17,-5326.992827643615,-26501.70829658443,17143.81100903088
2025-04-18,-13221.451299911712,-35720.47359833687,9251.774025314422
2025-04-19,34799.425144516295,13594.078622171923,57261.263609228234
2025-04-20,-1794.9085720023315,-22912.73136317355,20836.836712158456
2025-04-21,-5835.569829303213,-26911.222684903303,16807.296637306063
2025-04-22,-10794.857832102798,-31287.260522104778,11019.591224177464
2025-04-23,-16034.346602285179,-38049.250127155414,6147.690037035668
2025-04-24,-22195.59594814637,-43414.43678032256,-1298.6055271109597
2025-04-25,-28599.189316968623,-50458.95810335087,-7118.312607922317
2025-04-26,24646.30393114981,3201.7346543827734,47078.84173068284
2025-04-27,-10391.140759114453,-32160.479338780195,12607.809651635216
2025-04-28,-10571.984927948806,-30837.642787661116,10731.077079533728
2025-04-29,-11272.180951986256,-33828.129885343275,10065.990936581471
2025-04-30,-12017.902200111386,-34132.27728098785,10274.140603482867
2025-05-01,-13706.813040313973,-35551.897230042,7765.448650514185
2025-05-02,-15867.131915783979,-36166.51821805676,5879.3478838889205
2025-05-03,44101.14825063459,23679.47497728331,64814.926149560524
2025-05-04,10697.525147260136,-10143.451606899836,31665.713501140388
2025-05-05,12918.269302247394,-8257.653065762988,34575.8547946072
2025-05-06,13432.527143305557,-7619.4627712442125,33748.93557304595
2025-05-07,12568.865011834298,-8914.874233327933,34455.43881146964
2025-05-08,9269.253912453902,-12434.580799774585,32593.98532933452
2025-05-09,3973.3397998825503,-16766.959470796966,25227.552891265554
2025-05-10,62245.575741662906,41088.94128896641,84478.31818634167
2025-05-11,21350.870018451722,-1702.7141144228192,41783.5240339832
2025-05-12,16548.694797699,-5484.775878068667,38283.64139631232
2025-05-13,9023.797215335499,-12212.28509167324,29797.662918657017
2025-05-14,-517.5625232938723,-22372.046820694854,21354.706631386132
2025-05-15,-12732.79464705733,-33288.62910098578,9718.276376125254
2025-05-16,-26632.346147948578,-47031.72379446175,-4836.504242445523
2025-05-17,26896.666572745744,5431.946736727851,47517.36522503902
2025-05-18,-21550.280419089377,-41759.99535340401,340.7387014794965
2025-05-19,-29926.024155591862,-51944.69386273796,-9801.514270901642
2025-05-20,-38068.656979436964,-59299.61761071468,-16165.1168950766
2025-05-21,-44517.572398203854,-67335.8461288685,-22772.39448202144
2025-05-22,-49258.77453787527,-70477.4122480428,-27274.423846761332
2025-05-23,-50607.070048574074,-72307.33718256766,-29232.38794279338
2025-05-24,24102.850623919716,3506.4506764151533,43739.12950231126
2025-05-25,-1354.1892604049556,-24649.825045118476,19934.1645079469
2025-05-26,21540.595588076558,-514.3122682845943,43008.53052465607
2025-05-27,51440.1290136727,29977.194333200387,71368.02717560143
2025-05-28,89902.77247719734,68809.76212637534,111609.34156012253
2025-05-29,136791.7042839424,115420.93870565204,158727.37582628216
2025-05-30,193510.090978086,172211.22355750826,214271.15509829216
2025-05-31,335158.15581013326,315529.8451511651,356337.80530903424
2025-06-01,377453.59299410984,355689.5206048574,397586.3828424831
2025-06-02,474057.2410696241,451765.63166629826,494171.4254154545
2025-06-03,580720.7811963261,558235.1528915564,603451.1150504956
2025-06-04,697679.698366204,675138.442589584,718846.6889618265
2025-06-05,823234.8143288449,801420.882169691,845468.0402447495
2025-06-06,957144.535626729,935578.5057142559,977074.5599194916
2025-06-07,1175671.0214481603,1154398.3338061832,1195377.154185365
2025-06-08,1285332.7005336864,1263204.9801867364,1306778.5647674552
2025-06-09,1443961.2318808977,1421748.136049631,1464476.4769789476
2025-06-10,1603644.5750785414,1581927.4191112644,1625260.5087843384
2025-06-11,1762776.0680869278,1740920.6479070673,1784803.7055670996
2025-06-12,1917848.0277040598,1897072.4646740975,1939570.4917050307
2025-06-13,2067025.3766374094,2043890.8737270352,2089193.001289835
2025-06-14,2288098.638485335,2266634.2901292327,2310167.72843936
2025-06-15,2379078.8870737622,2357034.6398592647,2401588.3297707387
2025-06-16,2502988.272117381,2480789.405297862,2524781.5605116216
2025-06-17,2609592.2275603088,2586687.5197901744,2632801.2122054487
2025-06-18,2697089.676369912,2674857.948150325,2718542.35949163
2025-06-19,2762094.9407686703,2739230.571898828,2784808.9931859653
2025-06-20,2803360.450270886,2780126.401956208,2825322.4554955983
2025-06-21,2902596.197042625,2880109.516054701,2926052.337219314
2025-06-22,2851859.3937149798,2828927.17049842,2874938.1676657954
2025-06-23,2822024.4234956773,2800880.149217736,2844210.482919813
2025-06-24,2763244.7817465053,2740666.9120053137,2787991.435651748
2025-06-25,2676221.0786243444,2652536.684690949,2699338.9005970014
2025-06-26,2560305.502787685,2536461.209385851,2582372.610600675
2025-06-27,2417307.046169235,2395113.176329319,2440287.81203246
2025-06-28,2335111.74853412,2310275.4502205984,2358526.091168078
2025-06-29,2101804.024758082,2077998.6575931993,2126538.220387803
2025-06-30,1897757.3637399673,1875355.337522115,1921484.4119617273
2025-07-01,1674773.3668829876,1652089.2531624862,1697797.4394133447
2025-07-02,1436882.5250495635,1415055.1505324373,1461203.4343478992
2025-07-03,1186535.250214813,1166369.1175386335,1208463.6672202277
2025-07-04,928463.9032901287,906341.2180882441,950266.0978717665
2025-07-05,756089.3893955742,734808.9881463994,778757.7298953342
2025-07-06,452371.7302864953,430871.9402959953,474317.60662655334
2025-07-07,205531.5489370256,184440.96706150656,227299.63589382547
2025-07-08,-33111.162482099826,-52836.07388878525,-11049.92641442673
2025-07-09,-258768.45332254743,-280700.56001782895,-237053.76460150914
2025-07-10,-468859.8905666755,-489457.8858994473,-447832.9591218653
2025-07-11,-659035.7605364404,-681666.2293883819,-637413.309274646
2025-07-12,-733916.2656747269,-754760.0344635398,-712170.2740751192
2025-07-13,-919435.4009135813,-944547.2188561057,-897390.4627288848
2025-07-14,-1023405.6264126521,-1045804.7627903547,-1000455.0170843208
2025-07-15,-1098891.4782234295,-1123849.3334257412,-1077071.8052495534
2025-07-16,-1144182.5291018046,-1166887.2188206874,-1121046.3749572937
2025-07-17,-1160244.2001082902,-1184466.2873031867,-1138325.2374208276
2025-07-18,-1146536.762340135,-1171649.3308311908,-1122832.011223989
2025-07-19,-1008814.9244567993,-1032245.1179083427,-984032.5801880424
2025-07-20,-984587.0180360118,-1007406.4063343086,-960693.1629792928
2025-07-21,-879895.0706791682,-904583.7528420556,-856852.8405396942
2025-07-22,-753840.3724539684,-777907.6637501242,-732786.4588652214
2025-07-23,-608849.6242902878,-630667.8479041533,-587303.9932990472
2025-07-24,-449866.2344103733,-470995.5493164467,-426849.3283052901
2025-07-25,-279944.9143775134,-300720.75916820945,-258720.86114008102
2025-07-26,-5106.8755268609275,-25804.894751916112,16321.96948137045
2025-07-27,127074.6370828361,106210.11249625612,149807.36154834487
2025-07-28,314452.0112972147,292954.2535421226,335338.04352376965
2025-07-29,494583.4724902619,473858.6078308361,517442.22523004044
2025-07-30,664116.8705235274,639347.1730583675,686326.13652388
2025-07-31,817787.6148821927,794420.8437096026,841506.1289699298
2025-08-01,952966.354589669,926812.7926850993,978478.677738054
2025-08-02,1167656.085738292,1142565.7744333348,1193281.212733797
2025-08-03,1208680.396961494,1180893.5206258937,1234376.5433266228
2025-08-04,1282313.6231283243,1255498.0998387872,1309844.745570306
2025-08-05,1327258.7639655452,1300716.17067826,1355739.0309933238
2025-08-06,1343573.0284881552,1315835.4775996946,1371792.5972272858
2025-08-07,1329749.4252939464,1300091.002023754,1356652.9526681062
2025-08-08,1287306.4339502724,1260063.692047023,1316372.4382348976
2025-08-09,1321545.0116816827,1294367.5697673976,1350426.84178232
2025-08-10,1176428.5094537523,1147030.5908659152,1205049.4253019998
2025-08-11,1068795.6794059472,1041254.463820217,1094676.4280102125
2025-08-12,939981.0325186038,913354.9078024875,966183.7132604525
2025-08-13,794242.757565769,769357.389567267,820191.2716177141
2025-08-14,633905.6159833233,609342.3673067611,658492.6281623984
2025-08-15,463987.99943656364,440312.5187753194,486420.7492735394
2025-08-16,395732.23807368614,372068.6218218306,419154.9668697926
2025-08-17,168207.39772611525,148113.4855043878,188036.11528780434
2025-08-18,6153.498743658269,-14761.353842110595,27547.504085769753
2025-08-19,-149691.29180749416,-170202.8681616351,-127797.04645158474
2025-08-20,-294581.46613731544,-316926.487717318,-271891.4246234619
2025-08-21,-426468.49057321734,-449171.16265280155,-402134.9755963584
2025-08-22,-541234.5507391158,-565061.5428550129,-517244.520058677
2025-08-23,-526279.3487285349,-549888.8846926383,-502138.7706599626
2025-08-24,-652079.8123021726,-678031.279838756,-627271.7726613468
2025-08-25,-690597.9434049231,-716893.8684464263,-665753.4474998153
2025-08-26,-706130.9450123004,-731758.6031667726,-680645.7551680962
2025-08-27,-697608.7591098063,-722721.4460567903,-672002.3210276768
2025-08-28,-667040.3470728245,-692599.0750866361,-641743.1371702856
2025-08-29,-614512.477649803,-640821.3594043539,-588239.9581016211
